{
	"class_name" : "PinholeCameraParameters",
	"extrinsic" : 
	[
		-0.89590336689226191,
		-0.40423857918145856,
		0.18425072128071815,
		0.0,
		-0.13179026043743336,
		-0.15423545123043123,
		-0.97920516381276246,
		0.0,
		0.4242504972830824,
		-0.90155565368151347,
		0.084905352422308122,
		0.0,
		-2.3062131434878297,
		0.92626236315320876,
		14.609032512757416,
		1.0
	],
	"intrinsic" : 
	{
		"height" : 1016,
		"intrinsic_matrix" : 
		[
			879.88181024498977,
			0.0,
			0.0,
			0.0,
			879.88181024498977,
			0.0,
			923.5,
			507.5,
			1.0
		],
		"width" : 1848
	},
	"version_major" : 1,
	"version_minor" : 0
}